플랫폼,스트리머,포인트,최고 시청자 순위,평균 시청자 순위,뷰어십 순위,방송시간,최고시청자,평균시청자,뷰어십
치지직,박득천,2.4,2,3,2,44.7,78,44.355704697986575,1982.7
SOOP,화여니,2.8,4,4,1,91.5,61,36.895081967213116,3375.9
치지직,끠월마녀,4.8,2,2,9,9.9,78,52.666666666666664,521.4
치지직,요루야,5.4,1,1,12,6,118,65.2,391.2
치지직,렛 삐,6.2,5,5,8,17.8,50,31.741573033707866,565
치지직,세모개미,6.8,6,8,6,39.3,46,18.595419847328245,730.8
SOOP,박현정,6.8,10,9,3,68.5,34,16.458394160583943,1127.4
치지직,차금지,9.6,12,13,5,50.7,32,14.702169625246547,745.4
치지직,Doman도만,11.4,7,18,7,46.2,36,13.954545454545455,644.7
치지직,현은빈,13,11,17,10,32.9,33,14.410334346504559,474.1
SOOP,Rity~,15,19,15,13,26.7,24,14.51685393258427,387.6
치지직,융 쁘,18.6,7,6,37,5.2,36,27.78846153846154,144.5
치지직,도그홀,19.8,17,24,17,24.5,25,12.746938775510204,312.3
SOOP,로지rozi,19.8,23,23,15,29,21,12.927586206896551,374.9
SOOP,서경주,20.6,25,35,4,88.7,20,10.210822998872604,905.7
치지직,뱀용,21,19,32,11,42.1,24,10.491686460807601,441.7
치지직,릴쓰,22,16,16,31,12.9,27,14.449612403100776,186.4
치지직,모모팡,24.2,13,11,43,6.6,29,16.393939393939394,108.2
치지직,유함이,24.8,30,31,16,34.9,18,10.573065902578797,369
치지직,CASKER,25.4,17,10,45,6,25,16.416666666666668,98.5
SOOP,치명적여사,25.8,25,22,30,14.2,20,13.211267605633802,187.6
치지직,다우리,26.8,30,26,26,16,18,12.43125,198.9
치지직,Domy,29,15,40,25,21.1,28,9.516587677725118,200.8
SOOP,피아__,29.6,34,43,14,42.6,17,8.868544600938968,377.8
SOOP,아라리_-,29.6,34,29,28,17.8,17,10.769662921348315,191.7
SOOP,핑빠리,30.4,34,19,40,9.3,17,13.602150537634408,126.5
치지직,깡누,30.8,30,38,24,20.1,18,10.18407960199005,204.7
치지직,아라리 Arari,31.4,9,41,33,18.2,35,9.456043956043956,172.1
치지직,지응자응,31.4,21,47,21,29,22,8.286206896551723,240.3
치지직,쿠우라기 후유,34.2,21,25,50,6.8,22,12.691176470588236,86.3
치지직,젠드로 Jendro,35.8,13,7,76,1.7,29,25.705882352941178,43.7
치지직,랜박,37.8,27,14,67,3.6,19,14.583333333333334,52.5
치지직,유건 패브로,39,51,50,22,31.2,12,7.5993589743589745,237.1
치지직,레붕,39.4,27,37,48,8.9,19,10.202247191011235,90.8
치지직,oyagato,39.8,39,28,52,7.4,16,10.972972972972974,81.2
치지직,l박정현l,41.2,40,65,18,56.3,15,5.531083481349911,311.4
치지직,루모리,42.8,34,20,70,3.7,17,13.432432432432432,49.7
치지직,나린이,44.2,23,12,87,2,21,15.45,30.9
치지직,찬꾹,45,51,58,29,30.6,12,6.150326797385621,188.2
치지직,김soya,45.2,34,45,51,9.7,17,8.525773195876289,82.7
치지직,넬다,45.2,44,27,64,4.9,14,11.571428571428571,56.7
치지직,고먐미님,45.6,30,44,55,8.4,18,8.75,73.5
치지직,쇼 시,47.2,62,64,23,37.4,10,5.553475935828877,207.7
치지직,갑엇,47.2,58,62,27,35,11,5.634285714285714,197.2
치지직,푸른선장,47.2,40,51,47,13,15,7.061538461538461,91.8
SOOP,유함이,47.4,51,54,39,19.3,12,6.6735751295336785,128.8
치지직,IMAmurderer,47.6,44,78,19,63.8,14,4.590909090909091,292.9
치지직,방아방하,49.2,68,69,20,45.7,9,5.264770240700219,240.6
치지직,순희 SUNY,50.2,27,21,91,2.1,19,13.238095238095237,27.8
SOOP,희각,53.2,46,42,68,5.7,13,9.087719298245615,51.8
치지직,련히,53.2,46,49,61,8.2,13,7.7317073170731705,63.4
치지직,유룽그,54,40,36,79,3.9,15,10.205128205128204,39.8
치지직,웍허,54.4,62,63,42,20.9,10,5.583732057416268,116.7
치지직,금귤잉a,56.4,40,39,82,3.6,15,9.75,35.1
치지직,세라몬,57.6,58,57,58,10.6,11,6.188679245283019,65.6
치지직,겜보1,58.4,68,74,38,27.2,9,4.838235294117647,131.6
치지직,키이로옐,59.6,68,81,34,36.9,9,4.439024390243903,163.8
치지직,다루쥐,60,46,33,94,2.5,13,10.4,26
치지직,어캐,61.6,68,76,44,21.5,9,4.641860465116279,99.8
치지직,미토키,63,51,48,84,4,12,8.225,32.9
치지직,늑찡,63.2,58,67,62,11.5,11,5.417391304347826,62.3
치지직,한지카,64,62,52,77,5.9,10,6.932203389830509,40.9
치지직,아일린8초,64.2,51,94,41,31.1,12,3.8617363344051445,120.1
SOOP,겜퐁,66.2,85,87,36,34.4,7,4.2063953488372094,144.7
SOOP,김은거.,67.6,46,30,116,1.2,13,10.666666666666666,12.8
치지직,새롬이 Saeromi,68.6,51,89,57,16.3,12,4.061349693251533,66.2
SOOP,도그홀,69,99,88,35,39.1,6,4.173913043478261,163.2
SOOP,촙촙이야,69.2,76,70,65,10.9,8,5.18348623853211,56.5
치지직,빠라빵코,69.2,76,103,32,53.1,8,3.4915254237288136,185.4
SOOP,내가박바기,71,85,72,63,11.7,7,4.888888888888889,57.2
치지직,l전설l,73.6,68,101,49,25.3,9,3.5652173913043477,90.2
치지직,레 구리,74.2,51,91,69,12.5,12,3.992,49.9
SOOP,내신,75.2,58,33,126,1,11,10.4,10.4
치지직,따부 ttabu,76,46,46,121,1.4,13,8.357142857142858,11.7
치지직,이라 2ra,76,62,53,106,2.9,10,6.793103448275862,19.7
치지직,밤새버린요괴,76.4,76,107,46,28.2,8,3.3439716312056738,94.3
치지직,빵화탕,77.2,62,59,103,3.4,10,6.117647058823529,20.8
치지직,힛벨HitBell,77.6,76,98,58,17.6,8,3.727272727272727,65.6
치지직,자하라임,78,76,84,73,10.9,8,4.330275229357798,47.2
치지직,레비아라 LeviarA,80,76,85,77,9.5,8,4.3052631578947365,40.9
치지직,루씨엠99,80.4,68,56,111,2.5,9,6.56,16.4
치지직,니마,82.8,76,115,54,26.1,8,2.942528735632184,76.8
치지직,별망울,83.2,76,77,93,5.8,8,4.603448275862069,26.7
치지직,마아초,83.8,85,86,81,8.3,7,4.240963855421687,35.2
SOOP,박노아_,84.2,99,75,86,6.6,6,4.757575757575758,31.4
치지직,춘꾸,88.4,76,79,104,4.5,8,4.555555555555555,20.5
치지직,하루 님,89.8,85,68,114,2.6,7,5.269230769230769,13.7
치지직,낭도람,91,85,93,92,6.9,7,3.898550724637681,26.9
치지직,데굴알밤,91.4,85,112,74,14.5,7,3.1655172413793102,45.9
치지직,헌재HeonJae,93.4,85,116,75,15.2,7,2.9342105263157894,44.6
치지직,게임조무사GameJomusa,93.4,85,135,56,30.3,7,2.240924092409241,67.9
치지직,윤돌임당,94.4,62,60,145,1.2,10,5.666666666666667,6.8
치지직,임환,94.4,68,92,110,4.3,9,3.9069767441860463,16.8
치지직,백만봉,94.6,85,123,71,18,7,2.6555555555555554,47.8
SOOP,아일린8초,95.2,118,126,53,30.9,5,2.501618122977346,77.3
치지직,민 도리,96.2,85,73,125,2.3,7,4.869565217391305,11.2
치지직,채닝닝,96.6,85,97,102,5.7,7,3.754385964912281,21.4
치지직,릴테이프,97.8,99,95,100,6.3,6,3.8253968253968256,24.1
SOOP,ThePawn02,97.8,99,71,124,2.3,6,4.913043478260869,11.3
SOOP,휘야.,98.4,128,102,80,10.2,4,3.5588235294117645,36.3
치지직,조또아,99,85,60,145,1.2,7,5.666666666666667,6.8
치지직,하파이브,102.6,99,108,99,7.3,6,3.315068493150685,24.2
SOOP,릴테이프,103.2,118,99,100,6.7,5,3.5970149253731343,24.1
치지직,에이다A,104.8,68,110,118,3.9,9,3.2564102564102564,12.7
치지직,나는만화다,105.4,99,83,131,2.1,6,4.333333333333333,9.1
치지직,공제이,105.8,99,82,133,2,6,4.4,8.8
치지직,샤라킹 Shine Like a King,107.2,118,120,89,10.8,5,2.7222222222222223,29.4
치지직,샘소프,107.4,85,96,130,2.5,7,3.8,9.5
치지직,겜퐁,107.6,118,150,60,34.3,5,1.900874635568513,65.2
치지직,서젼,107.8,99,154,66,30.8,6,1.7987012987012987,55.4
치지직,유아독,108.6,99,137,85,14.8,6,2.168918918918919,32.1
치지직,시로사바,108.6,99,109,113,4.6,6,3.282608695652174,15.1
치지직,시로시로유,109,99,111,112,5.1,6,3.196078431372549,16.3
SOOP,윤워커,109.2,118,79,135,1.8,5,4.555555555555555,8.2
치지직,혜지는혜지,111.4,85,55,181,0.3,7,6.666666666666667,2
치지직,다츠마,111.8,99,147,83,17.8,6,1.9550561797752808,34.8
치지직,세웅99,113.2,118,136,88,13.9,5,2.2014388489208634,30.6
치지직,피빛새싹,113.6,128,149,71,25,4,1.912,47.8
SOOP,래비트_,115.6,128,129,96,10.3,4,2.4563106796116503,25.3
SOOP,피에스타O,116.4,128,119,108,6.3,4,2.7777777777777777,17.5
SOOP,한비화,116.8,128,100,128,2.7,4,3.5925925925925926,9.7
치지직,Earth hippo 하마,117.8,99,66,179,0.4,6,5.5,2.2
치지직,김촠호,118.2,99,128,118,5.1,6,2.4901960784313726,12.7
SOOP,BJ기린보이,118.4,128,105,127,3,4,3.4,10.2
치지직,류씨유,118.8,128,138,95,11.9,4,2.168067226890756,25.8
치지직,해초씨앗,121,99,122,131,3.4,6,2.676470588235294,9.1
치지직,김머만,125.2,128,160,89,18.9,4,1.5555555555555556,29.4
치지직,피지v,125.6,118,140,115,6.5,5,2.0923076923076924,13.6
치지직,크 래 커,125.8,99,125,140,2.9,6,2.6206896551724137,7.6
치지직,블 랙 기 업,126.2,99,104,162,1.1,6,3.4545454545454546,3.8
SOOP,★정연우★,130.4,128,113,149,1.9,4,3.1052631578947367,5.9
치지직,엔터 Ent3r,132.8,118,105,168,1,5,3.4,3.4
치지직,그라함에이커,132.8,128,134,134,3.7,4,2.2432432432432434,8.3
치지직,겜도깨비,133.2,128,172,97,21.3,4,1.1784037558685445,25.1
치지직,MULTISSUE,133.2,128,131,138,3.2,4,2.40625,7.7
치지직,세상세,134,128,173,98,21,4,1.1666666666666667,24.5
SOOP,디오Dio,134,128,90,181,0.5,4,4,2
치지직,템포XD,134.2,153,152,107,9.7,3,1.8144329896907216,17.6
치지직,DEANTRBLL,134.2,99,151,135,4.4,6,1.8636363636363635,8.2
치지직,에직,136,128,167,109,12.6,4,1.3571428571428572,17.1
SOOP,원숭이나무에,137.8,153,146,122,5.9,3,1.9661016949152543,11.6
치지직,고고27,138.2,99,124,172,1.1,6,2.6363636363636362,2.9
치지직,쿠심,138.8,128,133,150,2.5,4,2.32,5.8
치지직,김수피,138.8,128,161,122,7.5,4,1.5466666666666666,11.6
치지직,Acode,138.8,128,121,162,1.4,4,2.7142857142857144,3.8
치지직,한하코,138.8,128,163,120,8.5,4,1.4470588235294117,12.3
치지직,빨간행인,140.4,128,127,160,1.6,4,2.5,4
SOOP,걍놀고싶어요,141.4,153,148,129,5,3,1.92,9.6
SOOP,갓정이,142.2,153,141,138,3.8,3,2.026315789473684,7.7
치지직,팡 현,143.4,153,166,116,9.3,3,1.3763440860215055,12.8
치지직,설은호,144.2,153,130,154,2.1,3,2.4285714285714284,5.1
치지직,초버,145.6,128,157,143,4.4,4,1.6363636363636365,7.2
SOOP,didim,146.6,153,117,173,1,3,2.8,2.8
치지직,디오 Dio,148.8,128,117,191,0.5,4,2.8,1.4
치지직,하람 Haram,149.8,153,132,166,1.5,3,2.3333333333333335,3.5
치지직,아스드,150.8,118,171,147,5.6,5,1.1964285714285714,6.7
치지직,쉑쉑,151.6,128,114,201,0.2,4,3,0.6
치지직,PyoZone,151.8,153,198,105,39.2,3,0.5076530612244898,19.9
치지직,둑치쓰,152.4,128,156,161,2.2,4,1.7727272727272727,3.9
치지직,메리스,153.8,153,155,153,2.9,3,1.793103448275862,5.2
치지직,Curve7,154.6,153,139,171,1.4,3,2.142857142857143,3
치지직,F마린,154.6,153,142,168,1.7,3,2,3.4
치지직,갓정이,156.2,153,162,152,3.8,3,1.4473684210526316,5.5
치지직,요노미97,157,153,159,157,2.9,3,1.6206896551724137,4.7
치지직,인사과,159.6,118,164,176,1.9,5,1.4210526315789473,2.7
치지직,R14,159.8,153,180,143,6.9,3,1.0434782608695652,7.2
치지직,댕이뾰이,163,153,194,137,12.7,3,0.6377952755905512,8.1
치지직,오리 0rI,163.6,128,204,141,26.3,4,0.28517110266159695,7.5
치지직,나는촙촙이야,164.2,153,192,142,10.5,3,0.7047619047619048,7.4
치지직,행복시그널,165.2,180,169,154,4.1,2,1.2439024390243902,5.1
SOOP,사투리짱좋아,165.4,153,142,195,0.6,3,2,1.2
치지직,가온길,168.2,153,188,156,5.8,3,0.8448275862068966,4.9
치지직,휘 야,169.8,153,200,148,13.8,3,0.463768115942029,6.4
치지직,별밤율,170,180,170,165,3,2,1.2333333333333334,3.7
치지직,아니스S,170.6,153,177,173,2.6,3,1.0769230769230769,2.8
치지직,똬리 TTwaLi,171,153,153,198,0.5,3,1.8,0.9
치지직,츄쿠송,172.4,180,168,173,2.2,2,1.2727272727272727,2.8
치지직,세가족 아빠,173.2,180,185,158,4.6,2,0.9782608695652174,4.5
치지직,베랭,173.8,153,196,162,6.3,3,0.6031746031746031,3.8
SOOP,김사막,174.4,180,142,204,0.2,2,2,0.4
치지직,김망고SS2,174.8,180,189,158,5.4,2,0.8333333333333334,4.5
치지직,기린보2,175,153,195,166,5.6,3,0.625,3.5
치지직,PI파이,175.4,153,211,151,45.2,3,0.1261061946902655,5.7
SOOP,체리형♥,176.8,180,142,210,0.1,2,2,0.2
치지직,노랭귤,176.8,180,158,194,0.8,2,1.625,1.3
치지직,애플메일,177.2,180,173,180,1.8,2,1.1666666666666667,2.1
치지직,산갈치4,178.4,180,165,191,1,2,1.4,1.4
치지직,PityParty,178.8,180,187,170,3.9,2,0.8461538461538461,3.3
치지직,최영화,179.8,153,190,183,2.5,3,0.76,1.9
치지직,금단민우,180,180,175,185,1.6,2,1.125,1.8
치지직,현단영,180.8,180,179,183,1.8,2,1.0555555555555556,1.9
치지직,뜨거운 물범,182,180,178,187,1.6,2,1.0625,1.7
치지직,내신,184.8,180,176,196,1,2,1.1,1.1
치지직,리테스,185.6,180,186,188,1.7,2,0.9411764705882353,1.6
치지직,아재스TV,185.8,153,199,189,3,3,0.5,1.5
치지직,암무거나,187.2,180,202,176,8.7,2,0.3103448275862069,2.7
치지직,포트나이트 티렉스TREX,188.8,180,193,189,2.3,2,0.6521739130434783,1.5
치지직,곰보단ㄴ,191.2,180,203,185,5.9,2,0.3050847457627119,1.8
치지직,한비화,191.2,180,197,191,2.7,2,0.5185185185185185,1.4
치지직,백이청,191.2,180,210,178,17.2,2,0.13953488372093023,2.4
치지직,타락 천사,191.6,180,191,198,1.2,2,0.75,0.9
치지직,린팡,192.8,202,181,200,0.7,1,1,0.7
치지직,게임애호가 쏘씩,197.6,202,181,212,0.1,1,1,0.1
치지직,반띵쓰,197.6,202,181,212,0.1,1,1,0.1
치지직,동글동글동그리,197.6,202,181,212,0.1,1,1,0.1
치지직,샤키리,202.4,202,201,204,0.9,1,0.4444444444444444,0.4
치지직,ivkanesan,204,202,208,201,3.2,1,0.1875,0.6
치지직,데드히트,204.4,202,206,204,1.8,1,0.2222222222222222,0.4
치지직,RTKBUcky,204.4,202,213,197,9.5,1,0.10526315789473684,1
치지직,KR개마무사,205.6,202,205,208,1.1,1,0.2727272727272727,0.3
치지직,망량 MLTV,206.4,202,207,208,1.5,1,0.2,0.3
치지직,제루브,206.4,202,212,203,4.5,1,0.1111111111111111,0.5
치지직,꿈은없고걍놀고싶어요,207.6,202,214,204,4.9,1,0.08163265306122448,0.4
치지직,김은거,208,202,209,210,1.3,1,0.15384615384615385,0.2
치지직,신계리동자,215,215,215,215,0.1,0,0,0
치지직,윤워커,215,215,215,215,1.8,0,0,0